timestamp,body_x,body_y,body_z,foot_x,foot_y,foot_z
2026-01-09T17:53:52.073501,0.15352295339107513,0.5191227793693542,0.3607127070426941,0.15352295339107513,0.5191227793693542,0.3607127070426941
2026-01-09T17:53:52.089371,0.15354348719120026,0.5191270112991333,0.36069512367248535,0.15354348719120026,0.5191270112991333,0.36069512367248535
2026-01-09T17:53:52.099511,0.15354891121387482,0.5191168785095215,0.36069342494010925,0.15354891121387482,0.5191168785095215,0.36069342494010925
2026-01-09T17:53:52.109632,0.15355071425437927,0.5191295146942139,0.3606898784637451,0.15355071425437927,0.5191295146942139,0.3606898784637451
2026-01-09T17:53:52.119746,0.15354599058628082,0.5191321969032288,0.36069732904434204,0.15354599058628082,0.5191321969032288,0.36069732904434204
2026-01-09T17:53:52.129858,0.153533935546875,0.5191339254379272,0.36070212721824646,0.153533935546875,0.5191339254379272,0.36070212721824646
2026-01-09T17:53:52.139969,0.15350881218910217,0.5191035866737366,0.36073726415634155,0.15350881218910217,0.5191035866737366,0.36073726415634155
2026-01-09T17:53:52.150106,0.15350228548049927,0.519123375415802,0.36072906851768494,0.15350228548049927,0.519123375415802,0.36072906851768494
2026-01-09T17:53:52.160316,0.15350531041622162,0.5191338658332825,0.36070573329925537,0.15350531041622162,0.5191338658332825,0.36070573329925537
2026-01-09T17:53:52.170532,0.15351513028144836,0.5191298723220825,0.36069536209106445,0.15351513028144836,0.5191298723220825,0.36069536209106445
2026-01-09T17:53:52.180723,0.15352287888526917,0.5191321969032288,0.36070409417152405,0.15352287888526917,0.5191321969032288,0.36070409417152405
2026-01-09T17:53:52.190892,0.15352362394332886,0.5191172361373901,0.3606957793235779,0.15352362394332886,0.5191172361373901,0.3606957793235779
2026-01-09T17:53:52.201018,0.15355195105075836,0.5191208720207214,0.3606797456741333,0.15355195105075836,0.5191208720207214,0.3606797456741333
2026-01-09T17:53:52.211138,0.15355239808559418,0.5191155672073364,0.3606966435909271,0.15355239808559418,0.5191155672073364,0.3606966435909271
2026-01-09T17:53:52.221251,0.15354324877262115,0.5191120505332947,0.36071476340293884,0.15354324877262115,0.5191120505332947,0.36071476340293884
2026-01-09T17:53:52.231363,0.15354083478450775,0.5191311240196228,0.3606996238231659,0.15354083478450775,0.5191311240196228,0.3606996238231659
2026-01-09T17:53:52.241474,0.15353137254714966,0.5191250443458557,0.3607062101364136,0.15353137254714966,0.5191250443458557,0.3607062101364136
2026-01-09T17:53:52.251583,0.15350772440433502,0.5191172361373901,0.36072543263435364,0.15350772440433502,0.5191172361373901,0.36072543263435364
2026-01-09T17:53:52.261710,0.15351040661334991,0.5191256999969482,0.3607044517993927,0.15351040661334991,0.5191256999969482,0.3607044517993927
2026-01-09T17:53:52.271871,0.15351814031600952,0.5191267132759094,0.3606942892074585,0.15351814031600952,0.5191267132759094,0.3606942892074585
2026-01-09T17:53:52.281997,0.15351839363574982,0.5191234946250916,0.3607064187526703,0.15351839363574982,0.5191234946250916,0.3607064187526703
2026-01-09T17:53:52.292120,0.1535385549068451,0.5191259980201721,0.3607056736946106,0.1535385549068451,0.5191259980201721,0.3607056736946106
2026-01-09T17:53:52.302238,0.15355218946933746,0.5191284418106079,0.36069682240486145,0.15355218946933746,0.5191284418106079,0.36069682240486145
2026-01-09T17:53:52.312349,0.15354833006858826,0.5191235542297363,0.360712468624115,0.15354833006858826,0.5191235542297363,0.360712468624115
2026-01-09T17:53:52.322464,0.15353450179100037,0.519100546836853,0.3607458770275116,0.15353450179100037,0.519100546836853,0.3607458770275116
2026-01-09T17:53:52.332575,0.15353913605213165,0.5191214680671692,0.36072710156440735,0.15353913605213165,0.5191214680671692,0.36072710156440735
2026-01-09T17:53:52.342709,0.1535215526819229,0.5191247463226318,0.36070355772972107,0.1535215526819229,0.5191247463226318,0.36070355772972107
2026-01-09T17:53:52.352873,0.15350374579429626,0.5191144347190857,0.36070942878723145,0.15350374579429626,0.5191144347190857,0.36070942878723145
2026-01-09T17:53:52.362990,0.15350161492824554,0.519130527973175,0.360704630613327,0.15350161492824554,0.519130527973175,0.360704630613327
2026-01-09T17:53:52.373135,0.15350277721881866,0.5191271305084229,0.36070317029953003,0.15350277721881866,0.5191271305084229,0.36070317029953003
2026-01-09T17:53:52.383417,0.15350808203220367,0.5191247463226318,0.36071059107780457,0.15350808203220367,0.5191247463226318,0.36071059107780457
2026-01-09T17:53:52.393572,0.15353131294250488,0.5191248655319214,0.36072245240211487,0.15353131294250488,0.5191248655319214,0.36072245240211487
2026-01-09T17:53:52.403718,0.15354736149311066,0.5191236138343811,0.36071112751960754,0.15354736149311066,0.5191236138343811,0.36071112751960754
2026-01-09T17:53:52.413837,0.15355245769023895,0.5191211104393005,0.36070385575294495,0.15355245769023895,0.5191211104393005,0.36070385575294495
2026-01-09T17:53:52.423951,0.1535443812608719,0.5191208720207214,0.3607119023799896,0.1535443812608719,0.5191208720207214,0.3607119023799896
2026-01-09T17:53:52.434063,0.1535433530807495,0.519130289554596,0.36069172620773315,0.1535433530807495,0.519130289554596,0.36069172620773315
2026-01-09T17:53:52.444175,0.15353518724441528,0.5191357135772705,0.36068013310432434,0.15353518724441528,0.5191357135772705,0.36068013310432434
2026-01-09T17:53:52.454294,0.15352563560009003,0.5191230773925781,0.36069920659065247,0.15352563560009003,0.5191230773925781,0.36069920659065247
2026-01-09T17:53:52.464429,0.15350531041622162,0.5191103219985962,0.36072731018066406,0.15350531041622162,0.5191103219985962,0.36072731018066406
2026-01-09T17:53:52.474541,0.15352310240268707,0.5191327929496765,0.36070749163627625,0.15352310240268707,0.5191327929496765,0.36070749163627625
2026-01-09T17:53:52.484652,0.15352725982666016,0.5191124081611633,0.36071115732192993,0.15352725982666016,0.5191124081611633,0.36071115732192993
2026-01-09T17:53:52.494768,0.15352150797843933,0.5191094875335693,0.3607311546802521,0.15352150797843933,0.5191094875335693,0.3607311546802521
2026-01-09T17:53:52.504878,0.15354816615581512,0.5191300511360168,0.36070650815963745,0.15354816615581512,0.5191300511360168,0.36070650815963745
2026-01-09T17:53:52.514987,0.1535491645336151,0.5191333293914795,0.36069029569625854,0.1535491645336151,0.5191333293914795,0.36069029569625854
2026-01-09T17:53:52.525097,0.15354913473129272,0.5191290974617004,0.3606991469860077,0.15354913473129272,0.5191290974617004,0.3606991469860077
2026-01-09T17:53:52.535268,0.15353645384311676,0.5191183090209961,0.36070865392684937,0.15353645384311676,0.5191183090209961,0.36070865392684937
2026-01-09T17:53:52.545583,0.1535281091928482,0.5191312432289124,0.36069416999816895,0.1535281091928482,0.5191312432289124,0.36069416999816895
2026-01-09T17:53:52.557737,0.1535211205482483,0.5191321969032288,0.3607102036476135,0.1535211205482483,0.5191321969032288,0.3607102036476135
2026-01-09T17:53:52.567967,0.15349823236465454,0.5191048383712769,0.36074191331863403,0.15349823236465454,0.5191048383712769,0.36074191331863403
2026-01-09T17:53:52.578219,0.15350720286369324,0.5191265344619751,0.36070767045021057,0.15350720286369324,0.5191265344619751,0.36070767045021057
2026-01-09T17:53:52.588467,0.15351496636867523,0.5191289186477661,0.3606964647769928,0.15351496636867523,0.5191289186477661,0.3606964647769928
2026-01-09T17:53:52.598706,0.15352201461791992,0.5191242098808289,0.3607058525085449,0.15352201461791992,0.5191242098808289,0.3607058525085449
2026-01-09T17:53:52.608936,0.1535520702600479,0.519119381904602,0.3606874346733093,0.1535520702600479,0.519119381904602,0.3606874346733093
2026-01-09T17:53:52.619170,0.15355373919010162,0.5191311836242676,0.36068248748779297,0.15355373919010162,0.5191311836242676,0.36068248748779297
2026-01-09T17:53:52.629449,0.1535513550043106,0.5191152691841125,0.3607032001018524,0.1535513550043106,0.5191152691841125,0.3607032001018524
2026-01-09T17:53:52.639675,0.15354669094085693,0.5191212296485901,0.3607182800769806,0.15354669094085693,0.5191212296485901,0.3607182800769806
2026-01-09T17:53:52.649899,0.15354040265083313,0.5191239714622498,0.3607056438922882,0.15354040265083313,0.5191239714622498,0.3607056438922882
2026-01-09T17:53:52.660157,0.15351514518260956,0.5191105604171753,0.36072951555252075,0.15351514518260956,0.5191105604171753,0.36072951555252075
2026-01-09T17:53:52.670475,0.15351495146751404,0.5191189646720886,0.3607213497161865,0.15351495146751404,0.5191189646720886,0.3607213497161865
2026-01-09T17:53:52.681159,0.15352244675159454,0.5191491842269897,0.36067426204681396,0.15352244675159454,0.5191491842269897,0.36067426204681396
2026-01-09T17:53:52.691393,0.15352743864059448,0.5191376805305481,0.36067113280296326,0.15352743864059448,0.5191376805305481,0.36067113280296326
2026-01-09T17:53:52.701617,0.1535223424434662,0.5191179513931274,0.36070531606674194,0.1535223424434662,0.5191179513931274,0.36070531606674194
2026-01-09T17:53:52.711867,0.15353627502918243,0.5191304087638855,0.3607012629508972,0.15353627502918243,0.5191304087638855,0.3607012629508972
2026-01-09T17:53:52.722105,0.1535496860742569,0.5191328525543213,0.3606971800327301,0.1535496860742569,0.5191328525543213,0.3606971800327301
2026-01-09T17:53:52.732298,0.15353944897651672,0.5191172957420349,0.36071327328681946,0.15353944897651672,0.5191172957420349,0.36071327328681946
2026-01-09T17:53:52.742434,0.15353360772132874,0.5191184878349304,0.36072245240211487,0.15353360772132874,0.5191184878349304,0.36072245240211487
2026-01-09T17:53:52.752575,0.1535203605890274,0.5191189050674438,0.3607170581817627,0.1535203605890274,0.5191189050674438,0.3607170581817627
2026-01-09T17:53:52.762707,0.1535230576992035,0.5191336870193481,0.3606887459754944,0.1535230576992035,0.5191336870193481,0.3606887459754944
2026-01-09T17:53:52.772839,0.15351037681102753,0.519135594367981,0.36069563031196594,0.15351037681102753,0.519135594367981,0.36069563031196594
2026-01-09T17:53:52.782963,0.1535133719444275,0.5191330313682556,0.3606892228126526,0.1535133719444275,0.5191330313682556,0.3606892228126526
2026-01-09T17:53:52.793086,0.15353068709373474,0.5191423296928406,0.36068856716156006,0.15353068709373474,0.5191423296928406,0.36068856716156006
2026-01-09T17:53:52.803218,0.15353454649448395,0.5191227197647095,0.3607114851474762,0.15353454649448395,0.5191227197647095,0.3607114851474762
2026-01-09T17:53:52.813341,0.1535346955060959,0.5191079378128052,0.36072662472724915,0.1535346955060959,0.5191079378128052,0.36072662472724915
2026-01-09T17:53:52.823461,0.15354840457439423,0.5191130042076111,0.36071211099624634,0.15354840457439423,0.5191130042076111,0.36071211099624634
2026-01-09T17:53:52.833584,0.15355393290519714,0.5191210508346558,0.36071640253067017,0.15355393290519714,0.5191210508346558,0.36071640253067017
2026-01-09T17:53:52.843703,0.15354642271995544,0.5191215872764587,0.3607136905193329,0.15354642271995544,0.5191215872764587,0.3607136905193329
2026-01-09T17:53:52.853838,0.15353798866271973,0.5191269516944885,0.3606933355331421,0.15353798866271973,0.5191269516944885,0.3606933355331421
2026-01-09T17:53:52.863979,0.15352796018123627,0.519141435623169,0.36067917943000793,0.15352796018123627,0.519141435623169,0.36067917943000793
2026-01-09T17:53:52.874103,0.15351523458957672,0.5191232562065125,0.36069798469543457,0.15351523458957672,0.5191232562065125,0.36069798469543457
2026-01-09T17:53:52.884226,0.15350911021232605,0.5191293954849243,0.36070093512535095,0.15350911021232605,0.5191293954849243,0.36070093512535095
2026-01-09T17:53:52.894356,0.1535138189792633,0.5191335678100586,0.3606991767883301,0.1535138189792633,0.5191335678100586,0.3606991767883301
2026-01-09T17:53:52.904501,0.15352511405944824,0.5191155076026917,0.36072301864624023,0.15352511405944824,0.5191155076026917,0.36072301864624023
2026-01-09T17:53:52.914672,0.15353021025657654,0.5191176533699036,0.360726922750473,0.15353021025657654,0.5191176533699036,0.360726922750473
2026-01-09T17:53:52.924805,0.15353821218013763,0.5191183686256409,0.3607121706008911,0.15353821218013763,0.5191183686256409,0.3607121706008911
2026-01-09T17:53:52.934947,0.15354575216770172,0.5191166400909424,0.36069443821907043,0.15354575216770172,0.5191166400909424,0.36069443821907043
2026-01-09T17:53:52.945072,0.15352435410022736,0.5191110968589783,0.3607046902179718,0.15352435410022736,0.5191110968589783,0.3607046902179718
2026-01-09T17:53:52.955216,0.15352769196033478,0.5191394090652466,0.36068499088287354,0.15352769196033478,0.5191394090652466,0.36068499088287354
2026-01-09T17:53:52.965342,0.15351718664169312,0.5191389918327332,0.3606882691383362,0.15351718664169312,0.5191389918327332,0.3606882691383362
2026-01-09T17:53:52.975463,0.15350423753261566,0.5191171765327454,0.3607211112976074,0.15350423753261566,0.5191171765327454,0.3607211112976074
2026-01-09T17:53:52.985587,0.1535002440214157,0.5191212296485901,0.36072543263435364,0.1535002440214157,0.5191212296485901,0.36072543263435364
2026-01-09T17:53:52.995710,0.1535261571407318,0.5191224217414856,0.3607240617275238,0.1535261571407318,0.5191224217414856,0.3607240617275238
2026-01-09T17:53:53.005826,0.1535315364599228,0.5191270709037781,0.36069679260253906,0.1535315364599228,0.5191270709037781,0.36069679260253906
2026-01-09T17:53:53.015946,0.15353915095329285,0.5191230773925781,0.3607116639614105,0.15353915095329285,0.5191230773925781,0.3607116639614105
2026-01-09T17:53:53.026060,0.15355141460895538,0.519120454788208,0.36069101095199585,0.15355141460895538,0.519120454788208,0.36069101095199585
2026-01-09T17:53:53.036178,0.1535530835390091,0.5191270112991333,0.36068466305732727,0.1535530835390091,0.5191270112991333,0.36068466305732727
2026-01-09T17:53:53.046297,0.15353655815124512,0.5191236138343811,0.3607015609741211,0.15353655815124512,0.5191236138343811,0.3607015609741211
2026-01-09T17:53:53.056420,0.1535395383834839,0.5191286206245422,0.3607098460197449,0.1535395383834839,0.5191286206245422,0.3607098460197449
2026-01-09T17:53:53.066558,0.15354003012180328,0.5191280841827393,0.3607019782066345,0.15354003012180328,0.5191280841827393,0.3607019782066345
2026-01-09T17:53:53.076684,0.15350469946861267,0.5191094875335693,0.36072054505348206,0.15350469946861267,0.5191094875335693,0.36072054505348206
2026-01-09T17:53:53.086858,0.15351232886314392,0.5191084742546082,0.3607238531112671,0.15351232886314392,0.5191084742546082,0.3607238531112671
2026-01-09T17:53:53.097078,0.15348555147647858,0.518510103225708,0.3608427941799164,0.15348555147647858,0.518510103225708,0.3608427941799164
2026-01-09T17:53:53.107300,0.15350501239299774,0.5181958079338074,0.36082151532173157,0.15350501239299774,0.5181958079338074,0.36082151532173157
2026-01-09T17:53:53.117508,0.1535080522298813,0.5178219079971313,0.3607988655567169,0.1535080522298813,0.5178219079971313,0.3607988655567169
2026-01-09T17:53:53.127714,0.1535155177116394,0.5175402164459229,0.36077752709388733,0.1535155177116394,0.5175402164459229,0.36077752709388733
2026-01-09T17:53:53.137931,0.15352629125118256,0.5172695517539978,0.36075809597969055,0.15352629125118256,0.5172695517539978,0.36075809597969055
2026-01-09T17:53:53.148164,0.15351033210754395,0.5168296694755554,0.3607786297798157,0.15351033210754395,0.5168296694755554,0.3607786297798157
2026-01-09T17:53:53.158395,0.1535005420446396,0.5163683295249939,0.36087626218795776,0.1535005420446396,0.5163683295249939,0.36087626218795776
2026-01-09T17:53:53.168846,0.15350483357906342,0.5159208178520203,0.36086300015449524,0.15350483357906342,0.5159208178520203,0.36086300015449524
2026-01-09T17:53:53.179069,0.15351757407188416,0.5157082676887512,0.3608313798904419,0.15351757407188416,0.5157082676887512,0.3608313798904419
2026-01-09T17:53:53.189344,0.15347303450107574,0.5152869820594788,0.36084532737731934,0.15347303450107574,0.5152869820594788,0.36084532737731934
2026-01-09T17:53:53.199547,0.1534729152917862,0.5150237083435059,0.3608250021934509,0.1534729152917862,0.5150237083435059,0.3608250021934509
2026-01-09T17:53:53.209739,0.15346844494342804,0.514464259147644,0.36088067293167114,0.15346844494342804,0.514464259147644,0.36088067293167114
2026-01-09T17:53:53.219864,0.153469055891037,0.5141944289207458,0.3608194887638092,0.153469055891037,0.5141944289207458,0.3608194887638092
2026-01-09T17:53:53.229992,0.15348142385482788,0.5137810111045837,0.3607524633407593,0.15348142385482788,0.5137810111045837,0.3607524633407593
2026-01-09T17:53:53.240139,0.15350328385829926,0.5135581493377686,0.36070966720581055,0.15350328385829926,0.5135581493377686,0.36070966720581055
2026-01-09T17:53:53.250262,0.15351532399654388,0.5132604241371155,0.3606952428817749,0.15351532399654388,0.5132604241371155,0.3606952428817749
2026-01-09T17:53:53.260387,0.15348847210407257,0.5128347277641296,0.3607136309146881,0.15348847210407257,0.5128347277641296,0.3607136309146881
2026-01-09T17:53:53.270534,0.1534651517868042,0.5123552680015564,0.3608335554599762,0.1534651517868042,0.5123552680015564,0.3608335554599762
2026-01-09T17:53:53.280648,0.15343092381954193,0.511897087097168,0.36084285378456116,0.15343092381954193,0.511897087097168,0.36084285378456116
2026-01-09T17:53:53.290761,0.15343862771987915,0.5116616487503052,0.3607826828956604,0.15343862771987915,0.5116616487503052,0.3607826828956604
2026-01-09T17:53:53.300870,0.15343055129051208,0.511330246925354,0.36075517535209656,0.15343055129051208,0.511330246925354,0.36075517535209656
2026-01-09T17:53:53.310981,0.15342189371585846,0.5110183358192444,0.36075806617736816,0.15342189371585846,0.5110183358192444,0.36075806617736816
2026-01-09T17:53:53.321093,0.15340569615364075,0.5107154250144958,0.36077287793159485,0.15340569615364075,0.5107154250144958,0.36077287793159485
2026-01-09T17:53:53.331206,0.15340545773506165,0.5101426839828491,0.3608663082122803,0.15340545773506165,0.5101426839828491,0.3608663082122803
2026-01-09T17:53:53.341314,0.15340445935726166,0.5098041892051697,0.360858678817749,0.15340445935726166,0.5098041892051697,0.360858678817749
2026-01-09T17:53:53.351427,0.15343077480793,0.5094174742698669,0.3608303368091583,0.15343077480793,0.5094174742698669,0.3608303368091583
2026-01-09T17:53:53.361545,0.15343834459781647,0.5091861486434937,0.36080873012542725,0.15343834459781647,0.5091861486434937,0.36080873012542725
2026-01-09T17:53:53.371657,0.15344080328941345,0.5088845491409302,0.36078909039497375,0.15344080328941345,0.5088845491409302,0.36078909039497375
2026-01-09T17:53:53.381771,0.1534343808889389,0.5085008144378662,0.36076492071151733,0.1534343808889389,0.5085008144378662,0.36076492071151733
2026-01-09T17:53:53.391901,0.15339843928813934,0.508026659488678,0.36088132858276367,0.15339843928813934,0.508026659488678,0.36088132858276367
2026-01-09T17:53:53.402018,0.15337789058685303,0.5076117515563965,0.3607643246650696,0.15337789058685303,0.5076117515563965,0.3607643246650696
2026-01-09T17:53:53.412134,0.1533799022436142,0.5073601007461548,0.36073845624923706,0.1533799022436142,0.5073601007461548,0.36073845624923706
2026-01-09T17:53:53.422246,0.1533985286951065,0.5070355534553528,0.3607161045074463,0.1533985286951065,0.5070355534553528,0.3607161045074463
2026-01-09T17:53:53.432358,0.15340863168239594,0.506730854511261,0.36071085929870605,0.15340863168239594,0.506730854511261,0.36071085929870605
2026-01-09T17:53:53.442467,0.15341898798942566,0.506443977355957,0.36068493127822876,0.15341898798942566,0.506443977355957,0.36068493127822876
2026-01-09T17:53:53.452578,0.1534094512462616,0.5058255791664124,0.3607991933822632,0.1534094512462616,0.5058255791664124,0.3607991933822632
2026-01-09T17:53:53.462697,0.15338203310966492,0.5054649710655212,0.3607882559299469,0.15338203310966492,0.5054649710655212,0.3607882559299469
2026-01-09T17:53:53.472834,0.15337760746479034,0.5051199197769165,0.3607827126979828,0.15337760746479034,0.5051199197769165,0.3607827126979828
2026-01-09T17:53:53.482949,0.15338589251041412,0.5049104690551758,0.36074867844581604,0.15338589251041412,0.5049104690551758,0.36074867844581604
2026-01-09T17:53:53.493070,0.1533767431974411,0.5044743418693542,0.3607673943042755,0.1533767431974411,0.5044743418693542,0.3607673943042755
2026-01-09T17:53:53.503180,0.15334799885749817,0.5041717886924744,0.3607729375362396,0.15334799885749817,0.5041717886924744,0.3607729375362396
2026-01-09T17:53:53.513317,0.1533205211162567,0.5035865902900696,0.36085543036460876,0.1533205211162567,0.5035865902900696,0.36085543036460876
2026-01-09T17:53:53.523427,0.15330979228019714,0.5032361149787903,0.3608427047729492,0.15330979228019714,0.5032361149787903,0.3608427047729492
2026-01-09T17:53:53.533559,0.15330837666988373,0.5029932260513306,0.36082330346107483,0.15330837666988373,0.5029932260513306,0.36082330346107483
2026-01-09T17:53:53.543668,0.15333272516727448,0.5026608109474182,0.3607826828956604,0.15333272516727448,0.5026608109474182,0.3607826828956604
2026-01-09T17:53:53.553779,0.15336501598358154,0.5023511052131653,0.3607872724533081,0.15336501598358154,0.5023511052131653,0.3607872724533081
2026-01-09T17:53:53.563886,0.15335486829280853,0.501921534538269,0.3608086407184601,0.15335486829280853,0.501921534538269,0.3608086407184601
2026-01-09T17:53:53.573994,0.15334290266036987,0.5014612674713135,0.3609215021133423,0.15334290266036987,0.5014612674713135,0.3609215021133423
2026-01-09T17:53:53.584111,0.15329894423484802,0.5009630918502808,0.36091554164886475,0.15329894423484802,0.5009630918502808,0.36091554164886475
2026-01-09T17:53:53.594247,0.1533035933971405,0.5008177161216736,0.3607317805290222,0.1533035933971405,0.5008177161216736,0.3607317805290222
2026-01-09T17:53:53.604361,0.1533079445362091,0.5005861520767212,0.3607085645198822,0.1533079445362091,0.5005861520767212,0.3607085645198822
2026-01-09T17:53:53.614489,0.15332892537117004,0.500180721282959,0.36067014932632446,0.15332892537117004,0.500180721282959,0.36067014932632446
2026-01-09T17:53:53.624619,0.15332941710948944,0.4998985230922699,0.3606494665145874,0.15332941710948944,0.4998985230922699,0.3606494665145874
2026-01-09T17:53:53.634730,0.1533053070306778,0.49924010038375854,0.3607831597328186,0.1533053070306778,0.49924010038375854,0.3607831597328186
2026-01-09T17:53:53.644848,0.15328848361968994,0.49893277883529663,0.36079975962638855,0.15328848361968994,0.49893277883529663,0.36079975962638855
2026-01-09T17:53:53.654981,0.15329451858997345,0.498556911945343,0.3607819378376007,0.15329451858997345,0.498556911945343,0.3607819378376007
2026-01-09T17:53:53.665116,0.1533099263906479,0.4983392655849457,0.3607594668865204,0.1533099263906479,0.4983392655849457,0.3607594668865204
2026-01-09T17:53:53.675254,0.15333597362041473,0.4980386793613434,0.3607577085494995,0.15333597362041473,0.4980386793613434,0.3607577085494995
2026-01-09T17:53:53.685450,0.15332148969173431,0.4976159632205963,0.3607264459133148,0.15332148969173431,0.4976159632205963,0.3607264459133148
2026-01-09T17:53:53.695639,0.15330146253108978,0.4971631169319153,0.3608172833919525,0.15330146253108978,0.4971631169319153,0.3608172833919525
2026-01-09T17:53:53.705771,0.15324462950229645,0.4966612458229065,0.3608243763446808,0.15324462950229645,0.4966612458229065,0.3608243763446808
2026-01-09T17:53:53.715895,0.15323926508426666,0.496427446603775,0.3608147203922272,0.15323926508426666,0.496427446603775,0.3608147203922272
2026-01-09T17:53:53.726013,0.15325556695461273,0.4960801303386688,0.3607727289199829,0.15325556695461273,0.4960801303386688,0.3607727289199829
2026-01-09T17:53:53.736130,0.15326398611068726,0.49576446413993835,0.3607993721961975,0.15326398611068726,0.49576446413993835,0.3607993721961975
2026-01-09T17:53:53.746245,0.15325146913528442,0.49533218145370483,0.36089587211608887,0.15325146913528442,0.49533218145370483,0.36089587211608887
2026-01-09T17:53:53.756571,0.15324783325195312,0.49481794238090515,0.3609139025211334,0.15324783325195312,0.49481794238090515,0.3609139025211334
2026-01-09T17:53:53.766698,0.15321162343025208,0.49451324343681335,0.3609124422073364,0.15321162343025208,0.49451324343681335,0.3609124422073364
2026-01-09T17:53:53.776820,0.1532309204339981,0.4942243993282318,0.36069920659065247,0.1532309204339981,0.4942243993282318,0.36069920659065247
2026-01-09T17:53:53.786943,0.1532469540834427,0.4940122961997986,0.360664427280426,0.1532469540834427,0.4940122961997986,0.360664427280426
2026-01-09T17:53:53.797073,0.15325294435024261,0.49355548620224,0.3606594204902649,0.15325294435024261,0.49355548620224,0.3606594204902649
2026-01-09T17:53:53.807193,0.15322767198085785,0.49308013916015625,0.3608376681804657,0.15322767198085785,0.49308013916015625,0.3608376681804657
2026-01-09T17:53:53.817338,0.15316985547542572,0.4925564229488373,0.36082085967063904,0.15316985547542572,0.4925564229488373,0.36082085967063904
2026-01-09T17:53:53.827483,0.1531689167022705,0.49231794476509094,0.3607974350452423,0.1531689167022705,0.49231794476509094,0.3607974350452423
2026-01-09T17:53:53.837604,0.1531800776720047,0.4920949339866638,0.3607719838619232,0.1531800776720047,0.4920949339866638,0.3607719838619232
2026-01-09T17:53:53.847724,0.15320689976215363,0.49174556136131287,0.360728919506073,0.15320689976215363,0.49174556136131287,0.360728919506073
2026-01-09T17:53:53.857852,0.15325412154197693,0.4914669096469879,0.36070382595062256,0.15325412154197693,0.4914669096469879,0.36070382595062256
2026-01-09T17:53:53.867998,0.15299704670906067,0.49040913581848145,0.36091428995132446,0.15299704670906067,0.49040913581848145,0.36091428995132446
2026-01-09T17:53:53.878131,0.15302017331123352,0.49013882875442505,0.36090728640556335,0.15302017331123352,0.49013882875442505,0.36090728640556335
2026-01-09T17:53:53.888253,0.15301214158535004,0.48975157737731934,0.3609013557434082,0.15301214158535004,0.48975157737731934,0.3609013557434082
2026-01-09T17:53:53.898379,0.153013676404953,0.48953506350517273,0.36086976528167725,0.153013676404953,0.48953506350517273,0.36086976528167725
2026-01-09T17:53:53.908509,0.15301305055618286,0.4893043041229248,0.3608536124229431,0.15301305055618286,0.4893043041229248,0.3608536124229431
2026-01-09T17:53:53.918994,0.15305525064468384,0.4889162480831146,0.3608314096927643,0.15305525064468384,0.4889162480831146,0.3608314096927643
2026-01-09T17:53:53.929293,0.15309232473373413,0.4885755181312561,0.36086440086364746,0.15309232473373413,0.4885755181312561,0.36086440086364746
2026-01-09T17:53:53.939534,0.15308745205402374,0.48810073733329773,0.3608156442642212,0.15308745205402374,0.48810073733329773,0.3608156442642212
2026-01-09T17:53:53.949777,0.15309499204158783,0.4878677427768707,0.3607982397079468,0.15309499204158783,0.4878677427768707,0.3607982397079468
2026-01-09T17:53:53.960020,0.15309590101242065,0.48754456639289856,0.360663503408432,0.15309590101242065,0.48754456639289856,0.360663503408432
2026-01-09T17:53:53.970306,0.15310409665107727,0.4873003661632538,0.36064213514328003,0.15310409665107727,0.4873003661632538,0.36064213514328003
2026-01-09T17:53:53.980531,0.15314726531505585,0.4868853688240051,0.3606465458869934,0.15314726531505585,0.4868853688240051,0.3606465458869934
2026-01-09T17:53:53.990743,0.1531984955072403,0.4864870607852936,0.36073020100593567,0.1531984955072403,0.4864870607852936,0.36073020100593567
2026-01-09T17:53:54.000903,0.15317584574222565,0.486078143119812,0.3606669306755066,0.15317584574222565,0.486078143119812,0.3606669306755066
2026-01-09T17:53:54.011049,0.1531682163476944,0.48581793904304504,0.360649973154068,0.1531682163476944,0.48581793904304504,0.360649973154068
2026-01-09T17:53:54.021181,0.153157576918602,0.48558640480041504,0.3606448173522949,0.153157576918602,0.48558640480041504,0.3606448173522949
2026-01-09T17:53:54.031312,0.153145894408226,0.4852038323879242,0.3606158196926117,0.153145894408226,0.4852038323879242,0.3606158196926117
2026-01-09T17:53:54.041436,0.15317681431770325,0.4848951995372772,0.36062246561050415,0.15317681431770325,0.4848951995372772,0.36062246561050415
2026-01-09T17:53:54.051564,0.15323203802108765,0.4843733012676239,0.3606845438480377,0.15323203802108765,0.4843733012676239,0.3606845438480377
2026-01-09T17:53:54.061693,0.1532236635684967,0.484040230512619,0.36068350076675415,0.1532236635684967,0.484040230512619,0.36068350076675415
2026-01-09T17:53:54.071838,0.15322545170783997,0.48368126153945923,0.360681414604187,0.15322545170783997,0.48368126153945923,0.360681414604187
2026-01-09T17:53:54.081965,0.1532345861196518,0.48342886567115784,0.3606660068035126,0.1532345861196518,0.48342886567115784,0.3606660068035126
2026-01-09T17:53:54.092094,0.15323176980018616,0.4830830693244934,0.3606632351875305,0.15323176980018616,0.4830830693244934,0.3606632351875305
2026-01-09T17:53:54.102219,0.15324857831001282,0.4827493131160736,0.3606639802455902,0.15324857831001282,0.4827493131160736,0.3606639802455902
2026-01-09T17:53:54.112373,0.15329153835773468,0.4823264479637146,0.360713928937912,0.15329153835773468,0.4823264479637146,0.360713928937912
2026-01-09T17:53:54.122519,0.15323765575885773,0.48190203309059143,0.36071673035621643,0.15323765575885773,0.48190203309059143,0.36071673035621643
2026-01-09T17:53:54.132650,0.1532164365053177,0.4816373884677887,0.36073383688926697,0.1532164365053177,0.4816373884677887,0.36073383688926697
2026-01-09T17:53:54.142774,0.15318982303142548,0.4812981188297272,0.3606569766998291,0.15318982303142548,0.4812981188297272,0.3606569766998291
2026-01-09T17:53:54.152903,0.1531824916601181,0.4810410737991333,0.3606555759906769,0.1531824916601181,0.4810410737991333,0.3606555759906769
2026-01-09T17:53:54.163035,0.153226837515831,0.48062679171562195,0.36067724227905273,0.153226837515831,0.48062679171562195,0.36067724227905273
2026-01-09T17:53:54.173172,0.15326818823814392,0.48017418384552,0.36074039340019226,0.15326818823814392,0.48017418384552,0.36074039340019226
2026-01-09T17:53:54.183392,0.1532318890094757,0.4798620343208313,0.36072078347206116,0.1532318890094757,0.4798620343208313,0.36072078347206116
2026-01-09T17:53:54.193603,0.1531907021999359,0.47945359349250793,0.36075010895729065,0.1531907021999359,0.47945359349250793,0.36075010895729065
2026-01-09T17:53:54.203811,0.15317565202713013,0.4791928231716156,0.36074233055114746,0.15317565202713013,0.4791928231716156,0.36074233055114746
2026-01-09T17:53:54.213953,0.1531737744808197,0.47883471846580505,0.3607158064842224,0.1531737744808197,0.47883471846580505,0.3607158064842224
2026-01-09T17:53:54.224087,0.153208926320076,0.478519469499588,0.36072641611099243,0.153208926320076,0.478519469499588,0.36072641611099243
2026-01-09T17:53:54.234227,0.15322791039943695,0.47794076800346375,0.36080989241600037,0.15322791039943695,0.47794076800346375,0.36080989241600037
2026-01-09T17:53:54.244394,0.15316636860370636,0.4775918126106262,0.36080923676490784,0.15316636860370636,0.4775918126106262,0.36080923676490784
2026-01-09T17:53:54.254676,0.15316720306873322,0.47722044587135315,0.36079877614974976,0.15316720306873322,0.47722044587135315,0.36079877614974976
2026-01-09T17:53:54.264870,0.15316100418567657,0.47695115208625793,0.3607970178127289,0.15316100418567657,0.47695115208625793,0.3607970178127289
2026-01-09T17:53:54.275036,0.15314973890781403,0.47667747735977173,0.36079323291778564,0.15314973890781403,0.47667747735977173,0.36079323291778564
2026-01-09T17:53:54.285245,0.1531859189271927,0.47624748945236206,0.36077117919921875,0.1531859189271927,0.47624748945236206,0.36077117919921875
2026-01-09T17:53:54.295432,0.1532149761915207,0.47577646374702454,0.3608390688896179,0.1532149761915207,0.47577646374702454,0.3608390688896179
2026-01-09T17:53:54.305582,0.1531374156475067,0.47527948021888733,0.36085066199302673,0.1531374156475067,0.47527948021888733,0.36085066199302673
2026-01-09T17:53:54.315716,0.15309621393680573,0.47499164938926697,0.36087313294410706,0.15309621393680573,0.47499164938926697,0.36087313294410706
2026-01-09T17:53:54.325863,0.15307122468948364,0.4745897948741913,0.3608948886394501,0.15307122468948364,0.4745897948741913,0.3608948886394501
2026-01-09T17:53:54.336009,0.15304742753505707,0.47436854243278503,0.36077746748924255,0.15304742753505707,0.47436854243278503,0.36077746748924255
2026-01-09T17:53:54.346139,0.1530407965183258,0.4741097688674927,0.36075377464294434,0.1530407965183258,0.4741097688674927,0.36075377464294434
2026-01-09T17:53:54.356272,0.15309645235538483,0.47344064712524414,0.3608439266681671,0.15309645235538483,0.47344064712524414,0.3608439266681671
2026-01-09T17:53:54.366409,0.15302041172981262,0.47306084632873535,0.36087360978126526,0.15302041172981262,0.47306084632873535,0.36087360978126526
2026-01-09T17:53:54.376538,0.15302255749702454,0.4726966619491577,0.360844224691391,0.15302255749702454,0.4726966619491577,0.360844224691391
2026-01-09T17:53:54.386665,0.15304383635520935,0.47244518995285034,0.36082130670547485,0.15304383635520935,0.47244518995285034,0.36082130670547485
2026-01-09T17:53:54.396791,0.1530287265777588,0.4720499515533447,0.36082905530929565,0.1530287265777588,0.4720499515533447,0.36082905530929565
2026-01-09T17:53:54.406944,0.15301024913787842,0.4717968702316284,0.36084264516830444,0.15301024913787842,0.4717968702316284,0.36084264516830444
2026-01-09T17:53:54.417107,0.15302179753780365,0.47119900584220886,0.36097368597984314,0.15302179753780365,0.47119900584220886,0.36097368597984314
2026-01-09T17:53:54.427291,0.15294234454631805,0.47071048617362976,0.3609643578529358,0.15294234454631805,0.47071048617362976,0.3609643578529358
2026-01-09T17:53:54.437426,0.152948260307312,0.4704864025115967,0.36092936992645264,0.152948260307312,0.4704864025115967,0.36092936992645264
2026-01-09T17:53:54.447554,0.15298663079738617,0.47009336948394775,0.3609112501144409,0.15298663079738617,0.47009336948394775,0.3609112501144409
2026-01-09T17:53:54.457686,0.15298548340797424,0.4698147773742676,0.3608941435813904,0.15298548340797424,0.4698147773742676,0.3608941435813904
2026-01-09T17:53:54.467832,0.15298525989055634,0.46939143538475037,0.36088061332702637,0.15298525989055634,0.46939143538475037,0.36088061332702637
2026-01-09T17:53:54.477962,0.15300099551677704,0.4689292013645172,0.36096036434173584,0.15300099551677704,0.4689292013645172,0.36096036434173584
2026-01-09T17:53:54.488084,0.1528916209936142,0.4683806002140045,0.36100202798843384,0.1528916209936142,0.4683806002140045,0.36100202798843384
2026-01-09T17:53:54.498215,0.15295249223709106,0.46818310022354126,0.36099889874458313,0.15295249223709106,0.46818310022354126,0.36099889874458313
2026-01-09T17:53:54.508340,0.1529691070318222,0.4678836166858673,0.3608801066875458,0.1529691070318222,0.4678836166858673,0.3608801066875458
2026-01-09T17:53:54.518464,0.15294845402240753,0.46745407581329346,0.36085671186447144,0.15294845402240753,0.46745407581329346,0.36085671186447144
2026-01-09T17:53:54.528586,0.1529550552368164,0.46730077266693115,0.360689252614975,0.1529550552368164,0.46730077266693115,0.360689252614975
2026-01-09T17:53:54.538707,0.1529284566640854,0.4668193459510803,0.3607509732246399,0.1529284566640854,0.4668193459510803,0.3607509732246399
2026-01-09T17:53:54.548833,0.15285414457321167,0.4662962555885315,0.36079511046409607,0.15285414457321167,0.4662962555885315,0.36079511046409607
2026-01-09T17:53:54.558955,0.1528547704219818,0.46592622995376587,0.36078739166259766,0.1528547704219818,0.46592622995376587,0.36078739166259766
2026-01-09T17:53:54.569076,0.15293270349502563,0.46570485830307007,0.3607673645019531,0.15293270349502563,0.46570485830307007,0.3607673645019531
2026-01-09T17:53:54.579216,0.15294253826141357,0.4654383957386017,0.3607640564441681,0.15294253826141357,0.4654383957386017,0.3607640564441681
2026-01-09T17:53:54.589337,0.15294645726680756,0.4650157392024994,0.36073774099349976,0.15294645726680756,0.4650157392024994,0.36073774099349976
2026-01-09T17:53:54.599459,0.15294809639453888,0.46475306153297424,0.3607277572154999,0.15294809639453888,0.46475306153297424,0.3607277572154999
2026-01-09T17:53:54.609578,0.15294134616851807,0.4641067087650299,0.36082905530929565,0.15294134616851807,0.4641067087650299,0.36082905530929565
2026-01-09T17:53:54.619703,0.15293636918067932,0.4638403058052063,0.36082229018211365,0.15293636918067932,0.4638403058052063,0.36082229018211365
2026-01-09T17:53:54.629840,0.15293341875076294,0.46342015266418457,0.36079737544059753,0.15293341875076294,0.46342015266418457,0.36079737544059753
2026-01-09T17:53:54.639965,0.15291759371757507,0.46315693855285645,0.36080047488212585,0.15291759371757507,0.46315693855285645,0.36080047488212585
2026-01-09T17:53:54.650113,0.15291453897953033,0.4628976583480835,0.3607931137084961,0.15291453897953033,0.4628976583480835,0.3607931137084961
2026-01-09T17:53:54.660323,0.15290020406246185,0.4622466266155243,0.3608874976634979,0.15290020406246185,0.4622466266155243,0.3608874976634979
2026-01-09T17:53:54.670515,0.15291084349155426,0.4619930684566498,0.3608744442462921,0.15291084349155426,0.4619930684566498,0.3608744442462921
2026-01-09T17:53:54.680650,0.1528962105512619,0.4615512490272522,0.36086297035217285,0.1528962105512619,0.4615512490272522,0.36086297035217285
2026-01-09T17:53:54.690808,0.15290147066116333,0.46127963066101074,0.3608483076095581,0.15290147066116333,0.46127963066101074,0.3608483076095581
2026-01-09T17:53:54.701012,0.15289406478405,0.4608584940433502,0.3608303368091583,0.15289406478405,0.4608584940433502,0.3608303368091583
2026-01-09T17:53:54.711233,0.15289387106895447,0.46067163348197937,0.36068424582481384,0.15289387106895447,0.46067163348197937,0.36068424582481384
2026-01-09T17:53:54.721370,0.1528792679309845,0.46020936965942383,0.36071842908859253,0.1528792679309845,0.46020936965942383,0.36071842908859253
2026-01-09T17:53:54.731527,0.15287095308303833,0.4597589373588562,0.3607681393623352,0.15287095308303833,0.4597589373588562,0.3607681393623352
2026-01-09T17:53:54.741662,0.1528625190258026,0.45949867367744446,0.3607637286186218,0.1528625190258026,0.45949867367744446,0.3607637286186218
2026-01-09T17:53:54.751791,0.152852401137352,0.45907270908355713,0.360765665769577,0.152852401137352,0.45907270908355713,0.360765665769577
2026-01-09T17:53:54.761939,0.152847558259964,0.45881086587905884,0.3607596755027771,0.152847558259964,0.45881086587905884,0.3607596755027771
2026-01-09T17:53:54.772129,0.1528494954109192,0.4584110379219055,0.36072179675102234,0.1528494954109192,0.4584110379219055,0.36072179675102234
2026-01-09T17:53:54.782263,0.15284758806228638,0.4581288993358612,0.36073368787765503,0.15284758806228638,0.4581288993358612,0.36073368787765503
2026-01-09T17:53:54.792386,0.15282689034938812,0.45746174454689026,0.3608555197715759,0.15282689034938812,0.45746174454689026,0.3608555197715759
2026-01-09T17:53:54.802524,0.1528492569923401,0.4571516811847687,0.3608494997024536,0.1528492569923401,0.4571516811847687,0.3608494997024536
2026-01-09T17:53:54.812647,0.1528560370206833,0.4568957984447479,0.36086803674697876,0.1528560370206833,0.4568957984447479,0.36086803674697876
2026-01-09T17:53:54.822770,0.15285958349704742,0.4565371572971344,0.3608218729496002,0.15285958349704742,0.4565371572971344,0.3608218729496002
2026-01-09T17:53:54.832890,0.15285594761371613,0.4562891721725464,0.36079898476600647,0.15285594761371613,0.4562891721725464,0.36079898476600647
2026-01-09T17:53:54.843012,0.15281957387924194,0.4558573365211487,0.3607814311981201,0.15281957387924194,0.4558573365211487,0.3607814311981201
2026-01-09T17:53:54.853131,0.15280605852603912,0.45536014437675476,0.3608681261539459,0.15280605852603912,0.45536014437675476,0.3608681261539459
2026-01-09T17:53:54.863257,0.1528184562921524,0.4549165368080139,0.36085739731788635,0.1528184562921524,0.4549165368080139,0.36085739731788635
2026-01-09T17:53:54.873394,0.15282531082630157,0.4546560049057007,0.3608356714248657,0.15282531082630157,0.4546560049057007,0.3608356714248657
2026-01-09T17:53:54.883517,0.15283367037773132,0.4544045627117157,0.3608303964138031,0.15283367037773132,0.4544045627117157,0.3608303964138031
2026-01-09T17:53:54.893647,0.1528395265340805,0.45403486490249634,0.3608185350894928,0.1528395265340805,0.45403486490249634,0.3608185350894928
2026-01-09T17:53:54.903794,0.15284287929534912,0.4538666903972626,0.360651433467865,0.15284287929534912,0.4538666903972626,0.360651433467865
2026-01-09T17:53:54.913965,0.15279823541641235,0.4531446099281311,0.36078521609306335,0.15279823541641235,0.4531446099281311,0.36078521609306335
2026-01-09T17:53:54.924112,0.15279798209667206,0.4528203308582306,0.36079123616218567,0.15279798209667206,0.4528203308582306,0.36079123616218567
2026-01-09T17:53:54.934242,0.15280164778232574,0.45243632793426514,0.36076268553733826,0.15280164778232574,0.45243632793426514,0.36076268553733826
2026-01-09T17:53:54.944367,0.15280607342720032,0.4522082209587097,0.36071786284446716,0.15280607342720032,0.4522082209587097,0.36071786284446716
2026-01-09T17:53:54.954488,0.1527993083000183,0.4519675672054291,0.3607080280780792,0.1527993083000183,0.4519675672054291,0.3607080280780792
2026-01-09T17:53:54.964610,0.15279138088226318,0.4515801966190338,0.3607045114040375,0.15279138088226318,0.4515801966190338,0.3607045114040375
2026-01-09T17:53:54.974789,0.15274915099143982,0.45113128423690796,0.36085203289985657,0.15274915099143982,0.45113128423690796,0.36085203289985657
2026-01-09T17:53:54.985081,0.15277066826820374,0.4505522847175598,0.3608546853065491,0.15277066826820374,0.4505522847175598,0.3608546853065491
2026-01-09T17:53:54.995296,0.1527591347694397,0.4502770006656647,0.36085596680641174,0.1527591347694397,0.4502770006656647,0.36085596680641174
2026-01-09T17:53:55.005490,0.15277180075645447,0.4499143660068512,0.36083319783210754,0.15277180075645447,0.4499143660068512,0.36083319783210754
2026-01-09T17:53:55.015632,0.15277758240699768,0.44967740774154663,0.36077046394348145,0.15277758240699768,0.44967740774154663,0.36077046394348145
2026-01-09T17:53:55.025776,0.15277743339538574,0.44932839274406433,0.3607446551322937,0.15277743339538574,0.44932839274406433,0.3607446551322937
2026-01-09T17:53:55.035904,0.15272757411003113,0.4487672448158264,0.3608727753162384,0.15272757411003113,0.4487672448158264,0.3608727753162384
2026-01-09T17:53:55.046009,0.1527179330587387,0.44849568605422974,0.3608394265174866,0.1527179330587387,0.44849568605422974,0.3608394265174866
2026-01-09T17:53:55.056140,0.15273025631904602,0.448050856590271,0.36085179448127747,0.15273025631904602,0.448050856590271,0.36085179448127747
2026-01-09T17:53:55.066281,0.1527174860239029,0.4477696120738983,0.3608584403991699,0.1527174860239029,0.4477696120738983,0.3608584403991699
2026-01-09T17:53:55.076405,0.15271812677383423,0.44738978147506714,0.3608687222003937,0.15271812677383423,0.44738978147506714,0.3608687222003937
2026-01-09T17:53:55.086523,0.15271472930908203,0.4471280574798584,0.3608536720275879,0.15271472930908203,0.4471280574798584,0.3608536720275879
2026-01-09T17:53:55.096674,0.15272511541843414,0.44691208004951477,0.3606673777103424,0.15272511541843414,0.44691208004951477,0.3606673777103424
2026-01-09T17:53:55.107437,0.15249833464622498,0.4458271861076355,0.3608301877975464,0.15249833464622498,0.4458271861076355,0.3608301877975464
2026-01-09T17:53:55.117674,0.15252742171287537,0.4454819858074188,0.3607940375804901,0.15252742171287537,0.4454819858074188,0.3607940375804901
2026-01-09T17:53:55.127907,0.152537003159523,0.4452345371246338,0.36077526211738586,0.152537003159523,0.4452345371246338,0.36077526211738586
2026-01-09T17:53:55.138160,0.1525362879037857,0.4448862075805664,0.3607589602470398,0.1525362879037857,0.4448862075805664,0.3607589602470398
2026-01-09T17:53:55.148393,0.15255871415138245,0.44465145468711853,0.3607277572154999,0.15255871415138245,0.44465145468711853,0.3607277572154999
2026-01-09T17:53:55.158628,0.15256981551647186,0.44440484046936035,0.3607094883918762,0.15256981551647186,0.44440484046936035,0.3607094883918762
2026-01-09T17:53:55.168837,0.15262170135974884,0.44386276602745056,0.3607417643070221,0.15262170135974884,0.44386276602745056,0.3607417643070221
2026-01-09T17:53:55.179091,0.1526442915201187,0.44356581568717957,0.36072051525115967,0.1526442915201187,0.44356581568717957,0.36072051525115967
2026-01-09T17:53:55.189357,0.15266084671020508,0.4431949853897095,0.3606770932674408,0.15266084671020508,0.4431949853897095,0.3606770932674408
2026-01-09T17:53:55.199589,0.15267765522003174,0.44297415018081665,0.36063873767852783,0.15267765522003174,0.44297415018081665,0.36063873767852783
2026-01-09T17:53:55.209874,0.1527038812637329,0.44263318181037903,0.3605960011482239,0.1527038812637329,0.44263318181037903,0.3605960011482239
2026-01-09T17:53:55.220159,0.15270574390888214,0.4423905611038208,0.36055636405944824,0.15270574390888214,0.4423905611038208,0.36055636405944824
2026-01-09T17:53:55.230521,0.15274497866630554,0.44182315468788147,0.3605942130088806,0.15274497866630554,0.44182315468788147,0.3605942130088806
2026-01-09T17:53:55.240734,0.15276512503623962,0.4415476322174072,0.36059537529945374,0.15276512503623962,0.4415476322174072,0.36059537529945374
2026-01-09T17:53:55.250929,0.15275605022907257,0.4411589801311493,0.3605576455593109,0.15275605022907257,0.4411589801311493,0.3605576455593109
2026-01-09T17:53:55.261130,0.15276004374027252,0.4409145712852478,0.3605455458164215,0.15276004374027252,0.4409145712852478,0.3605455458164215
2026-01-09T17:53:55.271403,0.1527455449104309,0.440494567155838,0.36054927110671997,0.1527455449104309,0.440494567155838,0.36054927110671997
2026-01-09T17:53:55.281602,0.15274593234062195,0.44025272130966187,0.36053118109703064,0.15274593234062195,0.44025272130966187,0.36053118109703064
2026-01-09T17:53:55.291790,0.1527993232011795,0.4398325979709625,0.3605435788631439,0.1527993232011795,0.4398325979709625,0.3605435788631439
2026-01-09T17:53:55.301975,0.1527964174747467,0.4394168257713318,0.360429584980011,0.1527964174747467,0.4394168257713318,0.360429584980011
2026-01-09T17:53:55.312160,0.1527918577194214,0.43916696310043335,0.36043253540992737,0.1527918577194214,0.43916696310043335,0.36043253540992737
2026-01-09T17:53:55.322345,0.15277910232543945,0.43875396251678467,0.3604263663291931,0.15277910232543945,0.43875396251678467,0.3604263663291931
2026-01-09T17:53:55.332531,0.1527775526046753,0.4384925067424774,0.36042124032974243,0.1527775526046753,0.4384925067424774,0.36042124032974243
2026-01-09T17:53:55.342717,0.15276825428009033,0.4380945563316345,0.36041060090065,0.15276825428009033,0.4380945563316345,0.36041060090065
2026-01-09T17:53:55.352900,0.1527741700410843,0.43773168325424194,0.3604903221130371,0.1527741700410843,0.43773168325424194,0.3604903221130371
2026-01-09T17:53:55.363080,0.15279757976531982,0.43717435002326965,0.3604535162448883,0.15279757976531982,0.43717435002326965,0.3604535162448883
2026-01-09T17:53:55.373261,0.1527881771326065,0.4369177222251892,0.3604545593261719,0.1527881771326065,0.4369177222251892,0.3604545593261719
2026-01-09T17:53:55.383453,0.1527732014656067,0.43665724992752075,0.360444575548172,0.1527732014656067,0.43665724992752075,0.360444575548172
2026-01-09T17:53:55.393639,0.1527739316225052,0.43624165654182434,0.3604322373867035,0.1527739316225052,0.43624165654182434,0.3604322373867035
2026-01-09T17:53:55.403835,0.1527748554944992,0.43599095940589905,0.3604276478290558,0.1527748554944992,0.43599095940589905,0.3604276478290558
2026-01-09T17:53:55.414023,0.1528017371892929,0.435411274433136,0.3604772686958313,0.1528017371892929,0.435411274433136,0.3604772686958313
2026-01-09T17:53:55.424213,0.15281493961811066,0.4351082444190979,0.3604600131511688,0.15281493961811066,0.4351082444190979,0.3604600131511688
2026-01-09T17:53:55.434397,0.15278750658035278,0.4346829652786255,0.36046192049980164,0.15278750658035278,0.4346829652786255,0.36046192049980164
2026-01-09T17:53:55.444582,0.1527709811925888,0.4344116151332855,0.3604656457901001,0.1527709811925888,0.4344116151332855,0.3604656457901001
2026-01-09T17:53:55.454764,0.15274576842784882,0.4341540038585663,0.3604637086391449,0.15274576842784882,0.4341540038585663,0.3604637086391449
2026-01-09T17:53:55.464968,0.1527365744113922,0.43371477723121643,0.36044377088546753,0.1527365744113922,0.43371477723121643,0.36044377088546753
2026-01-09T17:53:55.475172,0.15272721648216248,0.43345722556114197,0.360446035861969,0.15272721648216248,0.43345722556114197,0.360446035861969
2026-01-09T17:53:55.485404,0.15277624130249023,0.4328376054763794,0.3605002760887146,0.15277624130249023,0.4328376054763794,0.3605002760887146
2026-01-09T17:53:55.495609,0.1527591198682785,0.4325350821018219,0.3605178892612457,0.1527591198682785,0.4325350821018219,0.3605178892612457
2026-01-09T17:53:55.505802,0.152737095952034,0.43217697739601135,0.3604086935520172,0.152737095952034,0.43217697739601135,0.3604086935520172
2026-01-09T17:53:55.515996,0.15273039042949677,0.431917279958725,0.3603963255882263,0.15273039042949677,0.431917279958725,0.3603963255882263
2026-01-09T17:53:55.526184,0.15272168815135956,0.4315066933631897,0.36039450764656067,0.15272168815135956,0.4315066933631897,0.36039450764656067
2026-01-09T17:53:55.536373,0.15272055566310883,0.4312099516391754,0.36040329933166504,0.15272055566310883,0.4312099516391754,0.36040329933166504
2026-01-09T17:53:55.546562,0.15272805094718933,0.4308655858039856,0.36046966910362244,0.15272805094718933,0.4308655858039856,0.36046966910362244
2026-01-09T17:53:55.556756,0.15269996225833893,0.43044957518577576,0.36046743392944336,0.15269996225833893,0.43044957518577576,0.36046743392944336
2026-01-09T17:53:55.567077,0.1527295857667923,0.43006080389022827,0.3604413568973541,0.1527295857667923,0.43006080389022827,0.3604413568973541
2026-01-09T17:53:55.577393,0.1526959091424942,0.42965108156204224,0.36044859886169434,0.1526959091424942,0.42965108156204224,0.36044859886169434
2026-01-09T17:53:55.587614,0.1526802033185959,0.42935898900032043,0.36045363545417786,0.1526802033185959,0.42935898900032043,0.36045363545417786
2026-01-09T17:53:55.597808,0.15267768502235413,0.4289635121822357,0.3604443371295929,0.15267768502235413,0.4289635121822357,0.3604443371295929
2026-01-09T17:53:55.608009,0.15272220969200134,0.42853254079818726,0.36047613620758057,0.15272220969200134,0.42853254079818726,0.36047613620758057
2026-01-09T17:53:55.618237,0.15271273255348206,0.4280783534049988,0.36049285531044006,0.15271273255348206,0.4280783534049988,0.36049285531044006
2026-01-09T17:53:55.628458,0.15268811583518982,0.4277944266796112,0.36048609018325806,0.15268811583518982,0.4277944266796112,0.36048609018325806
2026-01-09T17:53:55.638688,0.15266382694244385,0.42741072177886963,0.3604792058467865,0.15266382694244385,0.42741072177886963,0.3604792058467865
2026-01-09T17:53:55.648902,0.1526404619216919,0.42711856961250305,0.3604755699634552,0.1526404619216919,0.42711856961250305,0.3604755699634552
2026-01-09T17:53:55.659126,0.1526334285736084,0.42669978737831116,0.3604763150215149,0.1526334285736084,0.42669978737831116,0.3604763150215149
2026-01-09T17:53:55.669394,0.15264597535133362,0.426398903131485,0.36045318841934204,0.15264597535133362,0.426398903131485,0.36045318841934204
2026-01-09T17:53:55.679613,0.15262305736541748,0.4261016547679901,0.3603416383266449,0.15262305736541748,0.4261016547679901,0.3603416383266449
2026-01-09T17:53:55.689831,0.1526477038860321,0.42557963728904724,0.3603993356227875,0.1526477038860321,0.42557963728904724,0.3603993356227875
2026-01-09T17:53:55.700070,0.15265226364135742,0.42530351877212524,0.3603955805301666,0.15265226364135742,0.42530351877212524,0.3603955805301666
2026-01-09T17:53:55.710371,0.15264026820659637,0.42488914728164673,0.3603902757167816,0.15264026820659637,0.42488914728164673,0.3603902757167816
2026-01-09T17:53:55.720646,0.15264080464839935,0.424614280462265,0.36039623618125916,0.15264080464839935,0.424614280462265,0.36039623618125916
2026-01-09T17:53:55.730863,0.1526317149400711,0.4242040514945984,0.36039960384368896,0.1526317149400711,0.4242040514945984,0.36039960384368896
2026-01-09T17:53:55.741067,0.1526433229446411,0.42384812235832214,0.3604557514190674,0.1526433229446411,0.42384812235832214,0.3604557514190674
2026-01-09T17:53:55.751268,0.1526578664779663,0.42330315709114075,0.360466331243515,0.1526578664779663,0.42330315709114075,0.360466331243515
2026-01-09T17:53:55.761465,0.15264593064785004,0.42304062843322754,0.36046335101127625,0.15264593064785004,0.42304062843322754,0.36046335101127625
2026-01-09T17:53:55.771654,0.15262068808078766,0.4226199984550476,0.36045435070991516,0.15262068808078766,0.4226199984550476,0.36045435070991516
2026-01-09T17:53:55.781846,0.1526128351688385,0.4223499894142151,0.3604409694671631,0.1526128351688385,0.4223499894142151,0.3604409694671631
2026-01-09T17:53:55.792038,0.15259766578674316,0.4220644235610962,0.3604487478733063,0.15259766578674316,0.4220644235610962,0.3604487478733063
2026-01-09T17:53:55.802235,0.15264730155467987,0.42150259017944336,0.36050426959991455,0.15264730155467987,0.42150259017944336,0.36050426959991455
2026-01-09T17:53:55.812433,0.15264129638671875,0.4211936295032501,0.3604898154735565,0.15264129638671875,0.4211936295032501,0.3604898154735565
2026-01-09T17:53:55.822647,0.1526101976633072,0.420775443315506,0.3604918122291565,0.1526101976633072,0.420775443315506,0.3604918122291565
2026-01-09T17:53:55.832882,0.15259575843811035,0.4204985797405243,0.3605056703090668,0.15259575843811035,0.4204985797405243,0.3605056703090668
2026-01-09T17:53:55.843170,0.1525818109512329,0.420061320066452,0.3604886531829834,0.1525818109512329,0.420061320066452,0.3604886531829834
2026-01-09T17:53:55.853503,0.15256813168525696,0.41979172825813293,0.3604651987552643,0.15256813168525696,0.41979172825813293,0.3604651987552643
2026-01-09T17:53:55.863733,0.15260180830955505,0.41921666264533997,0.36049768328666687,0.15260180830955505,0.41921666264533997,0.36049768328666687
2026-01-09T17:53:55.873965,0.1525900661945343,0.4189089238643646,0.3604911267757416,0.1525900661945343,0.4189089238643646,0.3604911267757416
2026-01-09T17:53:55.884177,0.1525622010231018,0.41850176453590393,0.3604806959629059,0.1525622010231018,0.41850176453590393,0.3604806959629059
2026-01-09T17:53:55.894385,0.1525459885597229,0.41826266050338745,0.36040475964546204,0.1525459885597229,0.41826266050338745,0.36040475964546204
2026-01-09T17:53:55.904626,0.15254336595535278,0.4179896414279938,0.36040765047073364,0.15254336595535278,0.4179896414279938,0.36040765047073364
2026-01-09T17:53:55.914892,0.1525384783744812,0.41756948828697205,0.3603968024253845,0.1525384783744812,0.41756948828697205,0.3603968024253845
2026-01-09T17:53:55.925112,0.15253128111362457,0.41730305552482605,0.3604048192501068,0.15253128111362457,0.41730305552482605,0.3604048192501068
2026-01-09T17:53:55.935310,0.15252606570720673,0.4167632758617401,0.3604620099067688,0.15252606570720673,0.4167632758617401,0.3604620099067688
2026-01-09T17:53:55.945507,0.15251916646957397,0.4165351390838623,0.3604353368282318,0.15251916646957397,0.4165351390838623,0.3604353368282318
2026-01-09T17:53:55.955696,0.15254555642604828,0.4159853458404541,0.36043140292167664,0.15254555642604828,0.4159853458404541,0.36043140292167664
2026-01-09T17:53:55.965888,0.15253204107284546,0.4157232344150543,0.36045169830322266,0.15253204107284546,0.4157232344150543,0.36045169830322266
2026-01-09T17:53:55.976074,0.15250875055789948,0.41527336835861206,0.3604549169540405,0.15250875055789948,0.41527336835861206,0.3604549169540405
2026-01-09T17:53:55.986261,0.15249767899513245,0.41500192880630493,0.360442578792572,0.15249767899513245,0.41500192880630493,0.360442578792572
2026-01-09T17:53:55.996445,0.15253157913684845,0.4143998622894287,0.36049339175224304,0.15253157913684845,0.4143998622894287,0.36049339175224304
2026-01-09T17:53:56.006629,0.1525246798992157,0.4141060411930084,0.36052289605140686,0.1525246798992157,0.4141060411930084,0.36052289605140686
2026-01-09T17:53:56.016828,0.15251879394054413,0.41383445262908936,0.36050793528556824,0.15251879394054413,0.41383445262908936,0.36050793528556824
2026-01-09T17:53:56.027042,0.1525154560804367,0.4134276211261749,0.3604925572872162,0.1525154560804367,0.4134276211261749,0.3604925572872162
2026-01-09T17:53:56.037255,0.15250450372695923,0.4131503105163574,0.36048194766044617,0.15250450372695923,0.4131503105163574,0.36048194766044617
2026-01-09T17:53:56.047473,0.15249590575695038,0.412741094827652,0.3604665696620941,0.15249590575695038,0.412741094827652,0.3604665696620941
2026-01-09T17:53:56.057687,0.15247993171215057,0.412462055683136,0.3604479134082794,0.15247993171215057,0.412462055683136,0.3604479134082794
2026-01-09T17:53:56.067912,0.1525174081325531,0.41188502311706543,0.3604814410209656,0.1525174081325531,0.41188502311706543,0.3604814410209656
2026-01-09T17:53:56.078125,0.15249894559383392,0.41158729791641235,0.3604951500892639,0.15249894559383392,0.41158729791641235,0.3604951500892639
2026-01-09T17:53:56.088335,0.1524936854839325,0.4111921787261963,0.36048635840415955,0.1524936854839325,0.4111921787261963,0.36048635840415955
2026-01-09T17:53:56.098546,0.15245801210403442,0.41094058752059937,0.36040252447128296,0.15245801210403442,0.41094058752059937,0.36040252447128296
2026-01-09T17:53:56.108758,0.15244875848293304,0.41064852476119995,0.3604293465614319,0.15244875848293304,0.41064852476119995,0.3604293465614319
2026-01-09T17:53:56.118981,0.1524266004562378,0.4102332592010498,0.36040979623794556,0.1524266004562378,0.4102332592010498,0.36040979623794556
2026-01-09T17:53:56.129204,0.15245859324932098,0.4098300635814667,0.36044254899024963,0.15245859324932098,0.4098300635814667,0.36044254899024963
2026-01-09T17:53:56.139448,0.1524246484041214,0.4094628691673279,0.36043500900268555,0.1524246484041214,0.4094628691673279,0.36043500900268555
2026-01-09T17:53:56.149715,0.1523502618074417,0.40897178649902344,0.3605504035949707,0.1523502618074417,0.40897178649902344,0.3605504035949707
2026-01-09T17:53:56.159930,0.1523423194885254,0.40857335925102234,0.360543429851532,0.1523423194885254,0.40857335925102234,0.360543429851532
2026-01-09T17:53:56.170146,0.152316614985466,0.40827643871307373,0.3605501353740692,0.152316614985466,0.40827643871307373,0.3605501353740692
2026-01-09T17:53:56.180380,0.15228430926799774,0.4078301787376404,0.3605668544769287,0.15228430926799774,0.4078301787376404,0.3605668544769287
2026-01-09T17:53:56.190598,0.1523100733757019,0.40739384293556213,0.36065059900283813,0.1523100733757019,0.40739384293556213,0.36065059900283813
2026-01-09T17:53:56.200819,0.15228034555912018,0.4070064425468445,0.3606577515602112,0.15228034555912018,0.4070064425468445,0.3606577515602112
2026-01-09T17:53:56.211115,0.15229471027851105,0.40665408968925476,0.3606129586696625,0.15229471027851105,0.40665408968925476,0.3606129586696625
2026-01-09T17:53:56.221446,0.15229585766792297,0.4063861668109894,0.360599160194397,0.15229585766792297,0.4063861668109894,0.360599160194397
2026-01-09T17:53:56.231671,0.15228170156478882,0.40597110986709595,0.36057546734809875,0.15228170156478882,0.40597110986709595,0.36057546734809875
2026-01-09T17:53:56.241873,0.1522783637046814,0.4056691825389862,0.3605959415435791,0.1522783637046814,0.4056691825389862,0.3605959415435791
2026-01-09T17:53:56.252080,0.15226468443870544,0.405273973941803,0.3605975806713104,0.15226468443870544,0.405273973941803,0.3605975806713104
2026-01-09T17:53:56.262290,0.1522994339466095,0.4047964811325073,0.360636442899704,0.1522994339466095,0.4047964811325073,0.360636442899704
2026-01-09T17:53:56.272540,0.15228010714054108,0.4044155180454254,0.36063191294670105,0.15228010714054108,0.4044155180454254,0.36063191294670105
2026-01-09T17:53:56.282744,0.15227138996124268,0.40412279963493347,0.36063674092292786,0.15227138996124268,0.40412279963493347,0.36063674092292786
2026-01-09T17:53:56.292945,0.15226729214191437,0.4037194848060608,0.3606146574020386,0.15226729214191437,0.4037194848060608,0.3606146574020386
2026-01-09T17:53:56.303139,0.15224780142307281,0.4034942388534546,0.3605104088783264,0.15224780142307281,0.4034942388534546,0.3605104088783264
2026-01-09T17:53:56.313360,0.15223699808120728,0.40303996205329895,0.3605346083641052,0.15223699808120728,0.40303996205329895,0.3605346083641052
2026-01-09T17:53:56.323566,0.15224699676036835,0.4026530981063843,0.3605624735355377,0.15224699676036835,0.4026530981063843,0.3605624735355377
2026-01-09T17:53:56.333782,0.152223601937294,0.4023940861225128,0.3605633080005646,0.152223601937294,0.4023940861225128,0.3605633080005646
2026-01-09T17:53:56.344069,0.15224577486515045,0.4018925428390503,0.3605988919734955,0.15224577486515045,0.4018925428390503,0.3605988919734955
2026-01-09T17:53:56.354281,0.15223753452301025,0.4016275703907013,0.3606080114841461,0.15223753452301025,0.4016275703907013,0.3606080114841461
2026-01-09T17:53:56.364506,0.15221528708934784,0.4012238085269928,0.3605622351169586,0.15221528708934784,0.4012238085269928,0.3605622351169586
2026-01-09T17:53:56.374722,0.15220345556735992,0.4009315073490143,0.36056631803512573,0.15220345556735992,0.4009315073490143,0.36056631803512573
2026-01-09T17:53:56.384936,0.1521884649991989,0.40043407678604126,0.36057981848716736,0.1521884649991989,0.40043407678604126,0.36057981848716736
2026-01-09T17:53:56.395145,0.15219338238239288,0.4001127779483795,0.3606671690940857,0.15219338238239288,0.4001127779483795,0.3606671690940857
2026-01-09T17:53:56.405397,0.15218032896518707,0.39972901344299316,0.3606420159339905,0.15218032896518707,0.39972901344299316,0.3606420159339905
2026-01-09T17:53:56.415608,0.15220452845096588,0.39938029646873474,0.3606232702732086,0.15220452845096588,0.39938029646873474,0.3606232702732086
2026-01-09T17:53:56.425883,0.15219083428382874,0.3989635109901428,0.36060526967048645,0.15219083428382874,0.3989635109901428,0.36060526967048645
2026-01-09T17:53:56.436144,0.15219151973724365,0.39870327711105347,0.3605860769748688,0.15219151973724365,0.39870327711105347,0.3605860769748688
2026-01-09T17:53:56.446400,0.152198925614357,0.39844825863838196,0.360578328371048,0.152198925614357,0.39844825863838196,0.360578328371048
2026-01-09T17:53:56.456622,0.1522321254014969,0.39785346388816833,0.3606157898902893,0.1522321254014969,0.39785346388816833,0.3606157898902893
2026-01-09T17:53:56.466852,0.15222397446632385,0.39759525656700134,0.3606024980545044,0.15222397446632385,0.39759525656700134,0.3606024980545044
2026-01-09T17:53:56.477075,0.15221205353736877,0.39717087149620056,0.36058953404426575,0.15221205353736877,0.39717087149620056,0.36058953404426575
2026-01-09T17:53:56.487299,0.15220454335212708,0.39690038561820984,0.36060622334480286,0.15220454335212708,0.39690038561820984,0.36060622334480286
2026-01-09T17:53:56.497516,0.15219151973724365,0.39648669958114624,0.36058104038238525,0.15219151973724365,0.39648669958114624,0.36058104038238525
2026-01-09T17:53:56.507733,0.1521746963262558,0.39626336097717285,0.3604709506034851,0.1521746963262558,0.39626336097717285,0.3604709506034851
2026-01-09T17:53:56.517940,0.152276873588562,0.3957105576992035,0.3604269027709961,0.152276873588562,0.3957105576992035,0.3604269027709961
2026-01-09T17:53:56.528154,0.15224753320217133,0.3954562246799469,0.3604239523410797,0.15224753320217133,0.3954562246799469,0.3604239523410797
2026-01-09T17:53:56.538363,0.1522323042154312,0.3950715661048889,0.36041533946990967,0.1522323042154312,0.3950715661048889,0.36041533946990967
2026-01-09T17:53:56.548575,0.15229357779026031,0.39469265937805176,0.36044439673423767,0.15229357779026031,0.39469265937805176,0.36044439673423767
2026-01-09T17:53:56.558782,0.1522870510816574,0.3944352865219116,0.3604438006877899,0.1522870510816574,0.3944352865219116,0.3604438006877899
2026-01-09T17:53:56.569065,0.15225335955619812,0.3939955532550812,0.3604219853878021,0.15225335955619812,0.3939955532550812,0.3604219853878021
2026-01-09T17:53:56.579279,0.15224802494049072,0.39372187852859497,0.3604210615158081,0.15224802494049072,0.39372187852859497,0.3604210615158081
2026-01-09T17:53:56.589491,0.15227629244327545,0.39315855503082275,0.3605121672153473,0.15227629244327545,0.39315855503082275,0.3605121672153473
2026-01-09T17:53:56.599712,0.15226015448570251,0.3929024934768677,0.36051928997039795,0.15226015448570251,0.3929024934768677,0.36051928997039795
2026-01-09T17:53:56.609956,0.15223833918571472,0.39252954721450806,0.3605079650878906,0.15223833918571472,0.39252954721450806,0.3605079650878906
2026-01-09T17:53:56.620196,0.15226146578788757,0.3921538293361664,0.36046499013900757,0.15226146578788757,0.3921538293361664,0.36046499013900757
2026-01-09T17:53:56.630422,0.15223994851112366,0.391743540763855,0.36047986149787903,0.15223994851112366,0.391743540763855,0.36047986149787903
2026-01-09T17:53:56.640658,0.15223094820976257,0.3914366066455841,0.36046019196510315,0.15223094820976257,0.3914366066455841,0.36046019196510315
2026-01-09T17:53:56.650889,0.1522292047739029,0.3909454941749573,0.3604736924171448,0.1522292047739029,0.3909454941749573,0.3604736924171448
2026-01-09T17:53:56.661110,0.15224461257457733,0.3905602991580963,0.3605198860168457,0.15224461257457733,0.3905602991580963,0.3605198860168457
2026-01-09T17:53:56.671346,0.15223954617977142,0.39027082920074463,0.36052221059799194,0.15223954617977142,0.39027082920074463,0.36052221059799194
2026-01-09T17:53:56.681655,0.15222834050655365,0.3898906707763672,0.36050650477409363,0.15222834050655365,0.3898906707763672,0.36050650477409363
2026-01-09T17:53:56.691960,0.1522243469953537,0.389702171087265,0.3604966700077057,0.1522243469953537,0.389702171087265,0.3604966700077057
2026-01-09T17:53:56.702253,0.1522274762392044,0.3897380828857422,0.3604993224143982,0.1522274762392044,0.3897380828857422,0.3604993224143982
2026-01-09T17:53:56.712551,0.15223735570907593,0.38974422216415405,0.3604973256587982,0.15223735570907593,0.38974422216415405,0.3604973256587982
2026-01-09T17:53:56.722791,0.1522354632616043,0.3897351622581482,0.36049187183380127,0.1522354632616043,0.3897351622581482,0.36049187183380127
2026-01-09T17:53:56.733065,0.1522316038608551,0.38975101709365845,0.3604883849620819,0.1522316038608551,0.38975101709365845,0.3604883849620819
2026-01-09T17:53:56.743293,0.15222777426242828,0.3897508680820465,0.3604947328567505,0.15222777426242828,0.3897508680820465,0.3604947328567505
2026-01-09T17:53:56.753518,0.1522289216518402,0.3897525370121002,0.36049628257751465,0.1522289216518402,0.3897525370121002,0.36049628257751465
2026-01-09T17:53:56.763742,0.15222300589084625,0.3897543251514435,0.3605038523674011,0.15222300589084625,0.3897543251514435,0.3605038523674011
2026-01-09T17:53:56.773975,0.15222525596618652,0.3897622227668762,0.3604999780654907,0.15222525596618652,0.3897622227668762,0.3604999780654907
2026-01-09T17:53:56.784243,0.15222692489624023,0.3897656798362732,0.3604939877986908,0.15222692489624023,0.3897656798362732,0.3604939877986908
2026-01-09T17:53:56.794572,0.15223199129104614,0.38975825905799866,0.36049315333366394,0.15223199129104614,0.38975825905799866,0.36049315333366394
2026-01-09T17:53:56.804895,0.15224234759807587,0.3897460401058197,0.3604981303215027,0.15224234759807587,0.3897460401058197,0.3604981303215027
2026-01-09T17:53:56.815244,0.15223625302314758,0.38974708318710327,0.36048561334609985,0.15223625302314758,0.38974708318710327,0.36048561334609985
2026-01-09T17:53:56.825553,0.1522344946861267,0.3897618055343628,0.3604859411716461,0.1522344946861267,0.3897618055343628,0.3604859411716461
2026-01-09T17:53:56.835859,0.15223167836666107,0.3897482752799988,0.3605102300643921,0.15223167836666107,0.3897482752799988,0.3605102300643921
2026-01-09T17:53:56.846203,0.15222063660621643,0.38975203037261963,0.3605014979839325,0.15222063660621643,0.38975203037261963,0.3605014979839325
2026-01-09T17:53:56.856569,0.15222066640853882,0.38976654410362244,0.3604936897754669,0.15222066640853882,0.38976654410362244,0.3604936897754669
2026-01-09T17:53:56.866843,0.15221205353736877,0.38975125551223755,0.36050084233283997,0.15221205353736877,0.38975125551223755,0.36050084233283997
2026-01-09T17:53:56.877075,0.15221437811851501,0.38974493741989136,0.3605126440525055,0.15221437811851501,0.38974493741989136,0.3605126440525055
2026-01-09T17:53:56.887277,0.1522173434495926,0.38974663615226746,0.360486775636673,0.1522173434495926,0.38974663615226746,0.360486775636673
2026-01-09T17:53:56.897475,0.15222400426864624,0.3897433578968048,0.3604794144630432,0.15222400426864624,0.3897433578968048,0.3604794144630432
2026-01-09T17:53:56.907691,0.1522267907857895,0.3897427022457123,0.3605087399482727,0.1522267907857895,0.3897427022457123,0.3605087399482727
2026-01-09T17:53:56.917939,0.1522364616394043,0.38974159955978394,0.36050543189048767,0.1522364616394043,0.38974159955978394,0.36050543189048767
2026-01-09T17:53:56.928145,0.1522350162267685,0.3897514343261719,0.36049985885620117,0.1522350162267685,0.3897514343261719,0.36049985885620117
2026-01-09T17:53:56.938344,0.1522369086742401,0.3897526264190674,0.360504150390625,0.1522369086742401,0.3897526264190674,0.360504150390625
2026-01-09T17:53:56.948566,0.1522281914949417,0.3897566497325897,0.36049726605415344,0.1522281914949417,0.3897566497325897,0.36049726605415344
2026-01-09T17:53:56.958811,0.15222620964050293,0.38975706696510315,0.36049702763557434,0.15222620964050293,0.38975706696510315,0.36049702763557434
2026-01-09T17:53:56.969007,0.15222154557704926,0.38976043462753296,0.3604962229728699,0.15222154557704926,0.38976043462753296,0.3604962229728699
2026-01-09T17:53:56.979232,0.15222491323947906,0.3897607922554016,0.360492467880249,0.15222491323947906,0.3897607922554016,0.360492467880249
2026-01-09T17:53:56.989452,0.15222837030887604,0.3897501528263092,0.36049625277519226,0.15222837030887604,0.3897501528263092,0.36049625277519226
2026-01-09T17:53:56.999765,0.15223397314548492,0.3897540867328644,0.36050042510032654,0.15223397314548492,0.3897540867328644,0.36050042510032654
2026-01-09T17:53:57.010092,0.1522362232208252,0.3897404968738556,0.36050906777381897,0.1522362232208252,0.3897404968738556,0.36050906777381897
2026-01-09T17:53:57.020485,0.15223045647144318,0.389744371175766,0.36051273345947266,0.15223045647144318,0.389744371175766,0.36051273345947266
2026-01-09T17:53:57.030803,0.15222711861133575,0.3897434175014496,0.3604988157749176,0.15222711861133575,0.3897434175014496,0.3604988157749176
2026-01-09T17:53:57.041088,0.1522321105003357,0.3897480070590973,0.36050117015838623,0.1522321105003357,0.3897480070590973,0.36050117015838623
2026-01-09T17:53:57.051409,0.15221653878688812,0.38975104689598083,0.36049684882164,0.15221653878688812,0.38975104689598083,0.36049684882164
2026-01-09T17:53:57.061716,0.15221084654331207,0.38974466919898987,0.3604945242404938,0.15221084654331207,0.38974466919898987,0.3604945242404938
2026-01-09T17:53:57.072121,0.1522141396999359,0.3897424638271332,0.36050888895988464,0.1522141396999359,0.3897424638271332,0.36050888895988464
2026-01-09T17:53:57.082419,0.15220928192138672,0.3897486925125122,0.36050769686698914,0.15220928192138672,0.3897486925125122,0.36050769686698914
2026-01-09T17:53:57.092702,0.1522301882505417,0.38974833488464355,0.36050093173980713,0.1522301882505417,0.38974833488464355,0.36050093173980713
2026-01-09T17:53:57.102980,0.1522258222103119,0.3897536098957062,0.3605014383792877,0.1522258222103119,0.3897536098957062,0.3605014383792877
2026-01-09T17:53:57.113242,0.15223507583141327,0.3897574245929718,0.36049970984458923,0.15223507583141327,0.3897574245929718,0.36049970984458923
2026-01-09T17:53:57.123497,0.15223810076713562,0.389750212430954,0.3604992926120758,0.15223810076713562,0.389750212430954,0.3604992926120758
2026-01-09T17:53:57.133736,0.15223810076713562,0.38974541425704956,0.3604895770549774,0.15223810076713562,0.38974541425704956,0.3604895770549774
2026-01-09T17:53:57.143956,0.15223054587841034,0.38975322246551514,0.3604940176010132,0.15223054587841034,0.38975322246551514,0.3604940176010132
2026-01-09T17:53:57.154188,0.1522323191165924,0.3897506892681122,0.36050307750701904,0.1522323191165924,0.3897506892681122,0.36050307750701904
2026-01-09T17:53:57.164424,0.15222805738449097,0.38976603746414185,0.36048924922943115,0.15222805738449097,0.38976603746414185,0.36048924922943115
2026-01-09T17:53:57.174654,0.15222737193107605,0.3897551894187927,0.3604987859725952,0.15222737193107605,0.3897551894187927,0.3604987859725952
2026-01-09T17:53:57.184891,0.1522185206413269,0.38975533843040466,0.3605096936225891,0.1522185206413269,0.38975533843040466,0.3605096936225891
2026-01-09T17:53:57.195250,0.15222297608852386,0.38974729180336,0.36051028966903687,0.15222297608852386,0.38974729180336,0.36051028966903687
2026-01-09T17:53:57.205499,0.15223340690135956,0.3897421061992645,0.36049965023994446,0.15223340690135956,0.3897421061992645,0.36049965023994446
2026-01-09T17:53:57.215743,0.15223164856433868,0.38974446058273315,0.360498309135437,0.15223164856433868,0.38974446058273315,0.360498309135437
2026-01-09T17:53:57.226028,0.1522301733493805,0.38974663615226746,0.3604966998100281,0.1522301733493805,0.38974663615226746,0.3604966998100281
2026-01-09T17:53:57.236247,0.15222692489624023,0.3897525370121002,0.3604872524738312,0.15222692489624023,0.3897525370121002,0.3604872524738312
2026-01-09T17:53:57.246451,0.15222832560539246,0.38975173234939575,0.360504150390625,0.15222832560539246,0.38975173234939575,0.360504150390625
2026-01-09T17:53:57.256602,0.1522243767976761,0.38974499702453613,0.3605123460292816,0.1522243767976761,0.38974499702453613,0.3605123460292816
2026-01-09T17:53:57.266737,0.15221130847930908,0.38975152373313904,0.36050280928611755,0.15221130847930908,0.38975152373313904,0.36050280928611755
2026-01-09T17:53:57.276883,0.15221662819385529,0.3897521495819092,0.36050620675086975,0.15221662819385529,0.3897521495819092,0.36050620675086975
2026-01-09T17:53:57.287008,0.15221811830997467,0.38975220918655396,0.360507607460022,0.15221811830997467,0.38975220918655396,0.360507607460022
2026-01-09T17:53:57.297133,0.15222349762916565,0.3897528052330017,0.3604927659034729,0.15222349762916565,0.3897528052330017,0.3604927659034729
2026-01-09T17:53:57.307260,0.15223239362239838,0.38976168632507324,0.36048424243927,0.15223239362239838,0.38976168632507324,0.36048424243927
2026-01-09T17:53:57.317419,0.1522330939769745,0.38976770639419556,0.3604882061481476,0.1522330939769745,0.38976770639419556,0.3604882061481476
2026-01-09T17:53:57.327547,0.15223349630832672,0.38975274562835693,0.3605055510997772,0.15223349630832672,0.38975274562835693,0.3605055510997772
2026-01-09T17:53:57.337675,0.15224066376686096,0.38974690437316895,0.3604968190193176,0.15224066376686096,0.38974690437316895,0.3604968190193176
2026-01-09T17:53:57.347815,0.152230367064476,0.38974156975746155,0.3605104982852936,0.152230367064476,0.38974156975746155,0.3605104982852936
2026-01-09T17:53:57.357950,0.15221691131591797,0.3897510766983032,0.3605167269706726,0.15221691131591797,0.3897510766983032,0.3605167269706726
2026-01-09T17:53:57.368081,0.1522139310836792,0.3897508978843689,0.3604961633682251,0.1522139310836792,0.3897508978843689,0.3604961633682251
2026-01-09T17:53:57.378206,0.1522233635187149,0.3897561728954315,0.3604852855205536,0.1522233635187149,0.3897561728954315,0.3604852855205536
2026-01-09T17:53:57.388330,0.15221819281578064,0.3897562026977539,0.36049884557724,0.15221819281578064,0.3897562026977539,0.36049884557724
2026-01-09T17:53:57.398457,0.15221646428108215,0.3897547721862793,0.3604949116706848,0.15221646428108215,0.3897547721862793,0.3604949116706848
2026-01-09T17:53:57.408581,0.15222904086112976,0.3897533416748047,0.3604894280433655,0.15222904086112976,0.3897533416748047,0.3604894280433655
2026-01-09T17:53:57.418702,0.15223130583763123,0.3897448480129242,0.36049777269363403,0.15223130583763123,0.3897448480129242,0.36049777269363403
2026-01-09T17:53:57.428826,0.152229443192482,0.389743447303772,0.3605104982852936,0.152229443192482,0.389743447303772,0.3605104982852936
2026-01-09T17:53:57.438948,0.15223239362239838,0.38974395394325256,0.36051449179649353,0.15223239362239838,0.38974395394325256,0.36051449179649353
2026-01-09T17:53:57.449072,0.15223275125026703,0.3897441625595093,0.36050254106521606,0.15223275125026703,0.3897441625595093,0.36050254106521606
2026-01-09T17:53:57.459220,0.1522238552570343,0.38975289463996887,0.36051052808761597,0.1522238552570343,0.38975289463996887,0.36051052808761597
2026-01-09T17:53:57.469360,0.1522165685892105,0.3897579610347748,0.36049893498420715,0.1522165685892105,0.3897579610347748,0.36049893498420715
2026-01-09T17:53:57.479488,0.15221673250198364,0.3897473216056824,0.36049380898475647,0.15221673250198364,0.3897473216056824,0.36049380898475647
2026-01-09T17:53:57.489617,0.15222984552383423,0.3897627592086792,0.360494464635849,0.15222984552383423,0.3897627592086792,0.360494464635849
2026-01-09T17:53:57.499751,0.152226522564888,0.3897526264190674,0.36050596833229065,0.152226522564888,0.3897526264190674,0.36050596833229065
2026-01-09T17:53:57.509876,0.15223532915115356,0.3897577226161957,0.3604925870895386,0.15223532915115356,0.3897577226161957,0.3604925870895386
2026-01-09T17:53:57.520000,0.15223971009254456,0.3897435963153839,0.3605077564716339,0.15223971009254456,0.3897435963153839,0.3605077564716339
2026-01-09T17:53:57.530125,0.15223297476768494,0.38974064588546753,0.36051130294799805,0.15223297476768494,0.38974064588546753,0.36051130294799805
2026-01-09T17:53:57.540253,0.15222804248332977,0.3897419571876526,0.3605055510997772,0.15222804248332977,0.3897419571876526,0.3605055510997772
2026-01-09T17:53:57.550379,0.15223348140716553,0.3897455036640167,0.36048027873039246,0.15223348140716553,0.3897455036640167,0.36048027873039246
2026-01-09T17:53:57.560504,0.15221770107746124,0.3897508382797241,0.3604962229728699,0.15221770107746124,0.3897508382797241,0.3604962229728699
2026-01-09T17:53:57.570640,0.15221986174583435,0.38972902297973633,0.36051657795906067,0.15221986174583435,0.38972902297973633,0.36051657795906067
2026-01-09T17:53:57.580766,0.1522248238325119,0.3897506296634674,0.36048829555511475,0.1522248238325119,0.3897506296634674,0.36048829555511475
2026-01-09T17:53:57.590892,0.15222758054733276,0.3897612988948822,0.36048945784568787,0.15222758054733276,0.3897612988948822,0.36048945784568787
2026-01-09T17:53:57.601014,0.15222619473934174,0.3897419273853302,0.3605134189128876,0.15222619473934174,0.3897419273853302,0.3605134189128876
2026-01-09T17:53:57.611162,0.15223146975040436,0.3897463083267212,0.3605099022388458,0.15223146975040436,0.3897463083267212,0.3605099022388458
2026-01-09T17:53:57.621307,0.1522386223077774,0.38974782824516296,0.36049988865852356,0.1522386223077774,0.38974782824516296,0.36049988865852356
2026-01-09T17:53:57.631434,0.15224187076091766,0.38975709676742554,0.3604913651943207,0.15224187076091766,0.38975709676742554,0.3604913651943207
2026-01-09T17:53:57.641560,0.15223874151706696,0.38974496722221375,0.36049073934555054,0.15223874151706696,0.38974496722221375,0.36049073934555054
2026-01-09T17:53:57.651702,0.15223191678524017,0.38975948095321655,0.36048761010169983,0.15223191678524017,0.38975948095321655,0.36048761010169983
2026-01-09T17:53:57.661838,0.15222369134426117,0.389758437871933,0.36050447821617126,0.15222369134426117,0.389758437871933,0.36050447821617126
2026-01-09T17:53:57.671975,0.15221527218818665,0.38974544405937195,0.3605140447616577,0.15221527218818665,0.38974544405937195,0.3605140447616577
2026-01-09T17:53:57.682099,0.1522163450717926,0.38974443078041077,0.3605034053325653,0.1522163450717926,0.38974443078041077,0.3605034053325653
2026-01-09T17:53:57.692228,0.1522195190191269,0.3897506296634674,0.36049914360046387,0.1522195190191269,0.3897506296634674,0.36049914360046387
2026-01-09T17:53:57.702353,0.15222428739070892,0.3897511065006256,0.36051034927368164,0.15222428739070892,0.3897511065006256,0.36051034927368164
2026-01-09T17:53:57.712499,0.1522296816110611,0.3897372782230377,0.3605043292045593,0.1522296816110611,0.3897372782230377,0.3605043292045593
2026-01-09T17:53:57.722711,0.15223541855812073,0.3897429406642914,0.36048129200935364,0.15223541855812073,0.3897429406642914,0.36048129200935364
2026-01-09T17:53:57.732912,0.15223091840744019,0.38974297046661377,0.36048632860183716,0.15223091840744019,0.38974297046661377,0.36048632860183716
2026-01-09T17:53:57.743055,0.15222565829753876,0.38974618911743164,0.360496461391449,0.15222565829753876,0.38974618911743164,0.360496461391449
2026-01-09T17:53:57.753192,0.15222451090812683,0.38973918557167053,0.36049285531044006,0.15222451090812683,0.38973918557167053,0.36049285531044006
2026-01-09T17:53:57.763317,0.15222576260566711,0.3897606432437897,0.36050111055374146,0.15222576260566711,0.3897606432437897,0.36050111055374146
2026-01-09T17:53:57.773452,0.15222464501857758,0.3897499442100525,0.3605164885520935,0.15222464501857758,0.3897499442100525,0.3605164885520935
